<?xml version="1.0" encoding="UTF-8"?>
<project-private xmlns="http://www.netbeans.org/ns/project-private/1">
    <editor-bookmarks xmlns="http://www.netbeans.org/ns/editor-bookmarks/2" lastBookmarkId="0"/>
    <open-files xmlns="http://www.netbeans.org/ns/projectui-open-files/2">
        <group>
            <file>file:/F:/Code/Java/Sudoku/src/UI/gamePlay.java</file>
            <file>file:/F:/Code/Java/Sudoku/src/UI/global.java</file>
            <file>file:/F:/Code/Java/Sudoku/src/stylesheets/global.css</file>
            <file>file:/F:/Code/Java/Sudoku/src/UI/mainMenu.java</file>
            <file>file:/F:/Code/Java/Sudoku/src/UI/shortcutsHelp.java</file>
            <file>file:/F:/Code/Java/Sudoku/src/sudoku/timer.java</file>
            <file>file:/F:/Code/Java/Sudoku/src/stylesheets/mainMenuSceneStyle.css</file>
            <file>file:/F:/Code/Java/Sudoku/src/stylesheets/shortcutsSceneStyle.css</file>
        </group>
    </open-files>
</project-private>
